{"name":"aaliyah","dpi":"2990326818901","datebirth":"1964-09-29T18:03:51.680Z","address":"spring"}
{"name":"aaliyah","dpi":"3645241644966","datebirth":"1992-05-29T23:14:16.001Z","address":"miramar"}
{"name":"aaliyah","dpi":"6248817281522","datebirth":"1973-08-09T08:45:54.298Z","address":"carson city"}
{"name":"aaliyah","dpi":"8918156107725","datebirth":"1966-10-17T09:04:59.161Z","address":"san leandro"}
{"name":"adaline","dpi":"7400408754741","datebirth":"1994-05-26T01:13:17.856Z","address":"palo alto"}
{"name":"adaline","dpi":"9405982315816","datebirth":"1961-12-06T18:17:25.852Z","address":"fountainebleau"}
{"name":"alberta","dpi":"2025919570946","datebirth":"1988-11-18T06:01:16.557Z","address":"san francisco"}
{"name":"alberta","dpi":"2032477131396","datebirth":"1968-07-07T22:42:17.994Z","address":"avondale"}
{"name":"alberta","dpi":"8827874686956","datebirth":"1998-06-05T07:02:26.079Z","address":"baldwin park"}
{"name":"alberta","dpi":"9546962707883","datebirth":"1979-07-02T12:14:15.586Z","address":"salem"}
{"name":"alejandra","dpi":"5432361079614","datebirth":"1987-11-03T04:29:53.557Z","address":"clovis"}
{"name":"alejandra","dpi":"5477507406594","datebirth":"1999-04-08T11:49:07.495Z","address":"apex"}
{"name":"alejandra","dpi":"6747140451137","datebirth":"1978-06-10T09:21:39.909Z","address":"warwick"}
{"name":"alex","dpi":"4374273807613","datebirth":"1969-02-17T04:22:07.977Z","address":"tinley park"}
{"name":"alex","dpi":"7666032620474","datebirth":"1985-06-29T20:32:53.222Z","address":"roswell"}
{"name":"alex","dpi":"7757405549956","datebirth":"1962-08-20T06:26:34.318Z","address":"newton"}
{"name":"alexanne","dpi":"4081453395959","datebirth":"1987-08-10T17:18:14.113Z","address":"fremont"}
{"name":"alexanne","dpi":"7937019124752","datebirth":"1987-11-09T01:41:31.115Z","address":"lake ridge"}
{"name":"alexanne","dpi":"9778576618885","datebirth":"1978-07-23T02:39:46.095Z","address":"hollywood"}
{"name":"ali","dpi":"5605960558536","datebirth":"1962-07-01T02:57:20.783Z","address":"arlington"}
{"name":"ali","dpi":"5799860364367","datebirth":"1969-05-16T03:30:03.092Z","address":"wichita"}
{"name":"ali","dpi":"9835194631290","datebirth":"1992-01-21T02:55:54.542Z","address":"redmond"}
{"name":"alphonso","dpi":"4204292072257","datebirth":"1987-06-02T04:03:39.325Z","address":"albuquerque"}
{"name":"alphonso","dpi":"4319197889929","datebirth":"1973-02-08T13:35:21.976Z","address":"reno"}
{"name":"alphonso","dpi":"9132184243289","datebirth":"1991-05-16T20:52:46.547Z","address":"lowell"}
{"name":"alphonso","dpi":"9856261865827","datebirth":"2002-11-13T21:59:40.481Z","address":"concord"}
{"name":"anais","dpi":"6598602016506","datebirth":"1974-08-15T16:53:05.388Z","address":"kentwood"}
{"name":"anais","dpi":"9165531802708","datebirth":"1991-07-09T00:35:59.605Z","address":"kannapolis"}
{"name":"anais","dpi":"9590488352524","datebirth":"1962-06-06T08:14:35.941Z","address":"lincoln"}
{"name":"annamae","dpi":"2205646878425","datebirth":"1974-06-08T13:33:47.168Z","address":"fort myers"}
{"name":"annamae","dpi":"4085905263385","datebirth":"1962-03-08T21:37:50.128Z","address":"la habra"}
{"name":"annamae","dpi":"4427469354112","datebirth":"1985-01-26T22:14:33.435Z","address":"huntsville"}
{"name":"annamae","dpi":"6189039802486","datebirth":"1997-05-29T16:31:56.929Z","address":"salem"}
{"name":"annamae","dpi":"7673786043834","datebirth":"1972-10-13T23:52:55.448Z","address":"lancaster"}
{"name":"arthur","dpi":"7094938991347","datebirth":"1970-08-26T23:39:33.559Z","address":"tonawanda"}
{"name":"arthur","dpi":"8243971437149","datebirth":"1982-03-18T09:54:07.529Z","address":"davie"}
{"name":"bradford","dpi":"2871994879654","datebirth":"1992-11-06T20:36:51.442Z","address":"bismarck"}
{"name":"bradley","dpi":"1286743073672","datebirth":"1969-03-22T13:18:04.019Z","address":"delray beach"}
{"name":"bradley","dpi":"2884277331914","datebirth":"1970-06-29T21:47:23.096Z","address":"porterville"}
{"name":"bradley","dpi":"3160346639963","datebirth":"1976-07-04T12:59:47.507Z","address":"vallejo"}
{"name":"bradley","dpi":"5971454764641","datebirth":"1995-10-10T19:20:03.790Z","address":"watsonville"}
{"name":"bradley","dpi":"6769534703595","datebirth":"1991-08-19T20:37:12.142Z","address":"eastvale"}
{"name":"bradley","dpi":"7859042575795","datebirth":"1993-04-19T20:10:59.692Z","address":"inglewood"}
{"name":"brandi","dpi":"2719175281345","datebirth":"2000-09-05T20:10:12.103Z","address":"brookhaven"}
{"name":"brandi","dpi":"3725289560952","datebirth":"2002-05-29T10:21:17.985Z","address":"olathe"}
{"name":"brandi","dpi":"4066294146784","datebirth":"2002-03-25T22:07:28.181Z","address":"winston-salem"}
{"name":"brisa","dpi":"2637536933624","datebirth":"1994-05-31T08:50:40.887Z","address":"oro valley"}
{"name":"brisa","dpi":"4466350703494","datebirth":"1964-09-30T21:22:11.245Z","address":"san antonio"}
{"name":"brisa","dpi":"8200678097190","datebirth":"1996-08-30T02:34:21.652Z","address":"gary"}
{"name":"bulah","dpi":"4413485586571","datebirth":"1998-04-29T09:13:50.848Z","address":"mount prospect"}
{"name":"bulah","dpi":"7651089322387","datebirth":"1996-10-24T02:55:50.452Z","address":"akron"}
{"name":"camylle","dpi":"2441452786467","datebirth":"1996-11-22T19:14:12.414Z","address":"littleton"}
{"name":"camylle","dpi":"6937207486166","datebirth":"1989-05-11T22:22:08.002Z","address":"san bernardino"}
{"name":"camylle","dpi":"8943689341260","datebirth":"1987-08-15T05:07:23.792Z","address":"everett"}
{"name":"camylle","dpi":"9441024561862","datebirth":"1979-12-28T07:25:59.587Z","address":"sandy"}
{"name":"carleton","dpi":"7291095683668","datebirth":"1984-06-05T17:24:53.887Z","address":"waukegan"}
{"name":"carmela","dpi":"1419914138084","datebirth":"1992-03-19T14:36:36.932Z","address":"vacaville"}
{"name":"carmela","dpi":"1574017474687","datebirth":"1978-07-15T08:13:49.797Z","address":"huntington"}
{"name":"carmela","dpi":"2367406775386","datebirth":"1992-07-04T02:09:47.555Z","address":"parker"}
{"name":"carmela","dpi":"9323924104051","datebirth":"1990-07-10T20:40:49.822Z","address":"elizabeth"}
{"name":"carrie","dpi":"3503433397846","datebirth":"1972-08-12T16:54:12.589Z","address":"ashburn"}
{"name":"chelsea","dpi":"1390641828499","datebirth":"1999-06-22T00:24:36.209Z","address":"palmdale"}
{"name":"chelsea","dpi":"2564628126313","datebirth":"1977-05-29T20:16:02.763Z","address":"boston"}
{"name":"christophe","dpi":"2252792817331","datebirth":"1986-10-30T23:55:34.820Z","address":"san buenaventura (ventura)"}
{"name":"christophe","dpi":"4290996350695","datebirth":"1993-09-29T05:54:35.956Z","address":"galveston"}
{"name":"clara","dpi":"2942067530044","datebirth":"1965-03-11T23:40:19.966Z","address":"midland"}
{"name":"clara","dpi":"9603422873378","datebirth":"1972-06-15T08:36:04.196Z","address":"rohnert park"}
{"name":"clara","dpi":"9750873291152","datebirth":"1975-08-17T17:04:31.320Z","address":"south bend"}
{"name":"corine","dpi":"2024422524264","datebirth":"1997-10-19T15:24:40.878Z","address":"oceanside"}
{"name":"corine","dpi":"2574462532982","datebirth":"1981-04-17T08:10:20.692Z","address":"paterson"}
{"name":"corine","dpi":"6622906959553","datebirth":"1997-10-02T13:32:06.137Z","address":"wichita falls"}
{"name":"corine","dpi":"7178635342790","datebirth":"2002-08-25T03:03:50.240Z","address":"ceres"}
{"name":"corine","dpi":"7181357169196","datebirth":"1971-12-09T17:37:32.971Z","address":"charlotte"}
{"name":"corine","dpi":"7612932659287","datebirth":"1960-08-25T10:27:16.551Z","address":"miami beach"}
{"name":"corine","dpi":"7864557539129","datebirth":"1967-11-23T18:14:45.342Z","address":"pasadena"}
{"name":"demond","dpi":"2156941727399","datebirth":"1965-09-15T02:19:29.577Z","address":"sunrise"}
{"name":"demond","dpi":"3336015918668","datebirth":"1969-01-23T15:28:55.950Z","address":"coconut creek"}
{"name":"demond","dpi":"5736517303758","datebirth":"1985-04-17T06:24:50.318Z","address":"jupiter"}
{"name":"demond","dpi":"8215897035470","datebirth":"1979-05-26T08:07:16.130Z","address":"owensboro"}
{"name":"demond","dpi":"9492746825500","datebirth":"1961-01-30T14:21:49.432Z","address":"burien"}
{"name":"devyn","dpi":"9473512809027","datebirth":"1979-07-01T07:14:49.767Z","address":"new bedford"}
{"name":"dillan","dpi":"4530435553249","datebirth":"2001-08-02T16:27:25.616Z","address":"parma"}
{"name":"dillan","dpi":"7162522368076","datebirth":"1964-12-10T06:29:15.622Z","address":"idaho falls"}
{"name":"elias","dpi":"1420044793109","datebirth":"1976-04-12T00:21:43.219Z","address":"cincinnati"}
{"name":"elias","dpi":"1896425845603","datebirth":"1988-12-29T05:55:51.493Z","address":"miami beach"}
{"name":"elias","dpi":"4265530665883","datebirth":"1993-12-16T09:19:22.485Z","address":"la mesa"}
{"name":"elias","dpi":"8721877768297","datebirth":"2001-06-05T05:15:47.275Z","address":"north las vegas"}
{"name":"elias","dpi":"8876413640916","datebirth":"1962-11-15T12:33:05.086Z","address":"pittsfield"}
{"name":"eliza","dpi":"1871546636263","datebirth":"1967-10-18T02:17:26.558Z","address":"milpitas"}
{"name":"eliza","dpi":"2465259939233","datebirth":"1992-07-10T01:05:58.631Z","address":"pharr"}
{"name":"eliza","dpi":"6686722739990","datebirth":"1996-12-11T15:04:57.045Z","address":"st. clair shores"}
{"name":"eliza","dpi":"7058722948039","datebirth":"1994-06-26T23:38:43.619Z","address":"suffolk"}
{"name":"eliza","dpi":"8435146613376","datebirth":"1965-07-17T22:37:02.879Z","address":"el monte"}
{"name":"eriberto","dpi":"1277576620795","datebirth":"1961-09-12T09:31:59.821Z","address":"allen"}
{"name":"eriberto","dpi":"4789067384508","datebirth":"1960-06-14T06:48:02.190Z","address":"westfield"}
{"name":"eriberto","dpi":"7230329751796","datebirth":"1974-05-06T21:00:59.458Z","address":"st. paul"}
{"name":"eriberto","dpi":"9138536478512","datebirth":"2002-06-05T17:03:54.313Z","address":"stockton"}
{"name":"erick","dpi":"8496319321161","datebirth":"1981-10-07T06:06:35.859Z","address":"saginaw"}
{"name":"estelle","dpi":"7175365887940","datebirth":"1980-08-12T19:15:08.415Z","address":"portland"}
{"name":"estelle","dpi":"7563812895174","datebirth":"1993-03-03T17:10:15.810Z","address":"lancaster"}
{"name":"estelle","dpi":"8408077571909","datebirth":"1963-12-01T05:51:56.574Z","address":"peoria"}
{"name":"estelle","dpi":"8852189663921","datebirth":"1976-09-27T21:30:58.575Z","address":"davie"}
{"name":"esther","dpi":"2562075685759","datebirth":"1965-06-24T11:23:18.124Z","address":"west babylon"}
{"name":"esther","dpi":"2722607408950","datebirth":"1979-05-16T14:53:48.129Z","address":"wylie"}
{"name":"esther","dpi":"4752270082146","datebirth":"1978-02-25T10:21:12.152Z","address":"federal way"}
{"name":"esther","dpi":"6374818393732","datebirth":"1970-04-15T00:10:57.794Z","address":"richmond"}
{"name":"esther","dpi":"7774237476610","datebirth":"1972-05-24T11:34:46.414Z","address":"denton"}
{"name":"evangeline","dpi":"4522875854667","datebirth":"1978-12-23T10:13:22.355Z","address":"bismarck"}
{"name":"felipe","dpi":"1564012160185","datebirth":"1974-03-31T19:03:53.785Z","address":"jonesboro"}
{"name":"felipe","dpi":"3192639113819","datebirth":"1970-06-26T19:40:04.627Z","address":"santee"}
{"name":"felipe","dpi":"6135359652921","datebirth":"1977-08-15T09:41:18.201Z","address":"redwood city"}
{"name":"felipe","dpi":"6536704139101","datebirth":"1982-07-31T05:02:45.974Z","address":"clifton"}
{"name":"felipe","dpi":"7886796004392","datebirth":"1996-02-09T11:17:18.610Z","address":"hialeah"}
{"name":"fredy","dpi":"3131654333913","datebirth":"1968-08-11T03:25:49.791Z","address":"charlottesville"}
{"name":"fredy","dpi":"3546367240421","datebirth":"1994-03-18T06:08:30.351Z","address":"bellflower"}
{"name":"fredy","dpi":"6819846479663","datebirth":"1980-12-22T04:23:36.956Z","address":"dearborn heights"}
{"name":"fredy","dpi":"7959052171693","datebirth":"1969-01-26T06:58:24.877Z","address":"murfreesboro"}
{"name":"garrick","dpi":"4053047036944","datebirth":"1990-08-28T02:08:11.895Z","address":"hawthorne"}
{"name":"garrick","dpi":"4578054436774","datebirth":"1996-07-27T20:37:56.689Z","address":"scranton"}
{"name":"garrick","dpi":"7192514544201","datebirth":"1966-01-18T22:29:22.403Z","address":"cedar park"}
{"name":"garrick","dpi":"7872274154365","datebirth":"1992-04-27T19:39:52.456Z","address":"lincoln"}
{"name":"garrick","dpi":"8742178769448","datebirth":"1960-04-18T15:12:30.107Z","address":"lincoln"}
{"name":"gayle","dpi":"1282234708608","datebirth":"1963-04-08T07:31:31.661Z","address":"columbia"}
{"name":"gayle","dpi":"2393618949145","datebirth":"2002-02-14T16:24:34.811Z","address":"columbus"}
{"name":"gayle","dpi":"5686918268263","datebirth":"1969-12-09T05:15:12.699Z","address":"schaumburg"}
{"name":"gayle","dpi":"8243200683793","datebirth":"1992-03-13T04:56:51.611Z","address":"anderson"}
{"name":"genesis","dpi":"5772972336990","datebirth":"1985-12-23T18:05:59.105Z","address":"haverhill"}
{"name":"genesis","dpi":"7665385802946","datebirth":"1985-06-08T02:48:18.731Z","address":"yucaipa"}
{"name":"genesis","dpi":"9663581766799","datebirth":"1997-07-04T17:11:34.965Z","address":"bryan"}
{"name":"genesis","dpi":"9945431318721","datebirth":"1987-03-12T05:10:26.113Z","address":"huntersville"}
{"name":"giuseppe","dpi":"4802841857070","datebirth":"1999-03-23T06:50:00.421Z","address":"roanoke"}
{"name":"hassie","dpi":"4955338599427","datebirth":"1986-11-18T11:53:09.375Z","address":"torrance"}
{"name":"hassie","dpi":"7000138891709","datebirth":"1963-03-19T20:13:50.209Z","address":"st. louis"}
{"name":"irwin","dpi":"1083425474249","datebirth":"1961-01-22T20:14:09.483Z","address":"urbandale"}
{"name":"irwin","dpi":"1444834240961","datebirth":"1963-05-08T23:05:39.229Z","address":"delray beach"}
{"name":"irwin","dpi":"2137226132856","datebirth":"1977-08-24T12:05:30.325Z","address":"rancho santa margarita"}
{"name":"irwin","dpi":"2553875503163","datebirth":"1968-11-15T06:07:25.776Z","address":"mentor"}
{"name":"irwin","dpi":"4218062477656","datebirth":"1964-04-22T14:48:40.398Z","address":"plantation"}
{"name":"janis","dpi":"1273321382272","datebirth":"1965-03-26T12:45:57.285Z","address":"lenexa"}
{"name":"janis","dpi":"3041774282084","datebirth":"1994-12-31T08:04:25.953Z","address":"spring"}
{"name":"janis","dpi":"7064895260425","datebirth":"1981-02-10T02:01:03.081Z","address":"arlington"}
{"name":"jaquan","dpi":"1850197124045","datebirth":"1994-10-17T01:30:49.786Z","address":"euless"}
{"name":"jaquan","dpi":"3384808413244","datebirth":"1986-09-05T02:26:03.486Z","address":"bakersfield"}
{"name":"jensen","dpi":"2463707906468","datebirth":"1993-05-04T08:46:35.144Z","address":"hampton"}
{"name":"jensen","dpi":"9310792517858","datebirth":"1964-11-01T10:27:49.857Z","address":"lawrence"}
{"name":"jensen","dpi":"9436432517469","datebirth":"1988-06-10T05:26:20.380Z","address":"norwalk"}
{"name":"jeromy","dpi":"1509575044571","datebirth":"1998-06-19T04:13:03.823Z","address":"west jordan"}
{"name":"jeromy","dpi":"6947356181614","datebirth":"1991-09-25T10:15:26.034Z","address":"milpitas"}
{"name":"joshuah","dpi":"4573452158845","datebirth":"1988-08-05T01:10:54.499Z","address":"brandon"}
{"name":"joshuah","dpi":"8157013504979","datebirth":"1994-10-08T23:40:39.245Z","address":"daytona beach"}
{"name":"joshuah","dpi":"9003641013877","datebirth":"1983-01-07T15:22:43.113Z","address":"dunwoody"}
{"name":"jules","dpi":"3072612499302","datebirth":"1982-04-11T20:20:31.795Z","address":"stockton"}
{"name":"jules","dpi":"4179347491913","datebirth":"1965-08-06T10:55:02.599Z","address":"kenner"}
{"name":"juliet","dpi":"2174278265351","datebirth":"1986-05-30T21:24:16.665Z","address":"east hartford"}
{"name":"juliet","dpi":"3499199383284","datebirth":"1963-07-25T17:43:43.726Z","address":"janesville"}
{"name":"juliet","dpi":"4629189342057","datebirth":"1989-02-09T03:06:56.382Z","address":"san francisco"}
{"name":"kaleigh","dpi":"4422087144441","datebirth":"1978-03-21T20:49:19.734Z","address":"greenville"}
{"name":"kirk","dpi":"2647094047272","datebirth":"1998-09-27T23:57:48.686Z","address":"gastonia"}
{"name":"kirk","dpi":"3494118920005","datebirth":"1965-07-29T10:58:54.289Z","address":"seattle"}
{"name":"kirsten","dpi":"3874563121373","datebirth":"1974-03-23T10:49:21.679Z","address":"bonita springs"}
{"name":"kirsten","dpi":"5621265264262","datebirth":"1971-06-03T18:33:57.620Z","address":"columbus"}
{"name":"kobe","dpi":"1509842138228","datebirth":"1970-01-11T08:48:32.962Z","address":"fort smith"}
{"name":"kobe","dpi":"3218805453803","datebirth":"1990-08-25T21:33:19.130Z","address":"frisco"}
{"name":"kobe","dpi":"7137513123559","datebirth":"1965-04-19T01:12:32.588Z","address":"tucson"}
{"name":"kyla","dpi":"4992916511185","datebirth":"1999-05-17T04:17:31.470Z","address":"daly city"}
{"name":"kyla","dpi":"6079933728086","datebirth":"1965-04-04T18:08:22.132Z","address":"antelope"}
{"name":"kyla","dpi":"8746495890526","datebirth":"1976-06-19T05:35:29.263Z","address":"phoenix"}
{"name":"kyla","dpi":"8747940291538","datebirth":"1979-08-09T18:50:03.721Z","address":"san buenaventura (ventura)"}
{"name":"kylee","dpi":"8537204451968","datebirth":"1987-09-30T05:14:59.303Z","address":"lynwood"}
{"name":"lavonne","dpi":"5813172667141","datebirth":"1998-08-04T20:17:33.284Z","address":"royal oak"}
{"name":"lavonne","dpi":"7219010352996","datebirth":"2002-08-02T00:48:47.885Z","address":"tacoma"}
{"name":"lavonne","dpi":"7379009673471","datebirth":"1965-05-24T04:00:25.382Z","address":"the hammocks"}
{"name":"lavonne","dpi":"7522689773636","datebirth":"1961-11-24T05:37:55.466Z","address":"murrieta"}
{"name":"lavonne","dpi":"8380326018786","datebirth":"1986-07-03T18:49:07.863Z","address":"waterbury"}
{"name":"lavonne","dpi":"9464802304465","datebirth":"1966-10-13T12:07:06.685Z","address":"st. peters"}
{"name":"lea","dpi":"1477635579869","datebirth":"1993-07-25T12:44:02.099Z","address":"lakewood"}
{"name":"lea","dpi":"4872238142756","datebirth":"1965-05-14T05:24:53.829Z","address":"doral"}
{"name":"leland","dpi":"1207404003707","datebirth":"2001-01-20T13:39:53.650Z","address":"mcallen"}
{"name":"leland","dpi":"5822613821272","datebirth":"1980-08-15T16:28:47.255Z","address":"allen"}
{"name":"leland","dpi":"6533885079586","datebirth":"1972-05-04T20:41:41.943Z","address":"rock hill"}
{"name":"liliana","dpi":"5421791583125","datebirth":"1966-08-16T15:07:19.391Z","address":"richardson"}
{"name":"liliana","dpi":"8567016687306","datebirth":"1992-08-21T07:23:24.049Z","address":"peabody"}
{"name":"liliana","dpi":"9277361207906","datebirth":"1966-01-29T13:05:22.752Z","address":"louisville/jefferson county"}
{"name":"liliana","dpi":"9845820506503","datebirth":"1977-08-22T17:58:59.970Z","address":"san leandro"}
{"name":"lily","dpi":"4377871710914","datebirth":"1991-12-07T12:22:28.637Z","address":"cheyenne"}
{"name":"lily","dpi":"7599904055393","datebirth":"1967-01-31T14:55:55.193Z","address":"st. paul"}
{"name":"lily","dpi":"9533434869779","datebirth":"2002-05-05T02:23:24.163Z","address":"cape coral"}
{"name":"lurline","dpi":"7282301795503","datebirth":"1973-07-22T03:03:12.913Z","address":"elkhart"}
{"name":"lurline","dpi":"8520732237537","datebirth":"1968-10-01T23:56:24.422Z","address":"rockford"}
{"name":"lurline","dpi":"8813476235429","datebirth":"1983-06-16T02:39:28.189Z","address":"cerritos"}
{"name":"lyla","dpi":"2139243968446","datebirth":"1965-11-21T05:03:51.871Z","address":"twin falls"}
{"name":"lyla","dpi":"4428624656751","datebirth":"1962-04-14T06:54:20.000Z","address":"bryan"}
{"name":"lyla","dpi":"4882592253734","datebirth":"1975-12-05T20:38:46.800Z","address":"casper"}
{"name":"lyla","dpi":"8712420600435","datebirth":"1992-06-05T00:40:53.792Z","address":"blacksburg"}
{"name":"makayla","dpi":"1486430834057","datebirth":"1962-04-07T04:47:35.071Z","address":"south hill"}
{"name":"makayla","dpi":"4362815943366","datebirth":"1967-07-08T16:19:31.661Z","address":"nampa"}
{"name":"makayla","dpi":"5433770686436","datebirth":"2000-03-19T08:32:12.222Z","address":"mission viejo"}
{"name":"makayla","dpi":"9041965705314","datebirth":"2001-05-09T07:22:40.362Z","address":"wheaton"}
{"name":"margie","dpi":"1130056543323","datebirth":"1995-10-09T18:02:27.714Z","address":"summerville"}
{"name":"margie","dpi":"3456813110366","datebirth":"1978-02-03T16:57:30.722Z","address":"dearborn"}
{"name":"maya","dpi":"3168505699646","datebirth":"1963-02-24T14:42:39.318Z","address":"rosemead"}
{"name":"meaghan","dpi":"2974732023930","datebirth":"1988-05-31T04:59:35.947Z","address":"memphis"}
{"name":"meaghan","dpi":"3729736151368","datebirth":"1984-02-04T04:22:20.196Z","address":"carmichael"}
{"name":"meaghan","dpi":"5316265561839","datebirth":"1961-08-12T01:45:47.417Z","address":"olathe"}
{"name":"meaghan","dpi":"8713903481747","datebirth":"1978-11-06T08:19:07.035Z","address":"schenectady"}
{"name":"meaghan","dpi":"9366053084260","datebirth":"1981-08-22T15:05:27.512Z","address":"san buenaventura (ventura)"}
{"name":"melba","dpi":"7057273884684","datebirth":"1971-01-14T02:14:22.376Z","address":"memphis"}
{"name":"melba","dpi":"9434190230747","datebirth":"1961-03-30T20:41:42.427Z","address":"everett"}
{"name":"melba","dpi":"9457565741677","datebirth":"1970-04-01T02:07:20.005Z","address":"white plains"}
{"name":"milton","dpi":"4635405506121","datebirth":"2002-03-22T02:22:26.884Z","address":"wichita falls"}
{"name":"nicholas","dpi":"1508102633898","datebirth":"1978-09-28T20:29:43.398Z","address":"st. louis"}
{"name":"nicholas","dpi":"2228863847232","datebirth":"1960-05-23T17:50:20.699Z","address":"palm bay"}
{"name":"nicholas","dpi":"3299305855124","datebirth":"1963-11-16T07:57:21.363Z","address":"albany"}
{"name":"nicholas","dpi":"9126920966319","datebirth":"1996-02-06T03:01:50.756Z","address":"glenview"}
{"name":"nikolas","dpi":"9361583156194","datebirth":"1991-10-07T18:50:27.456Z","address":"monterey park"}
{"name":"nikolas","dpi":"9981729911636","datebirth":"2001-01-16T11:49:36.109Z","address":"kendall"}
{"name":"norris","dpi":"2582183309373","datebirth":"1997-01-09T15:23:28.757Z","address":"davie"}
{"name":"norris","dpi":"4074240819610","datebirth":"1974-03-06T11:43:05.297Z","address":"wellington"}
{"name":"norris","dpi":"4637611969221","datebirth":"1968-01-11T22:02:28.271Z","address":"highlands ranch"}
{"name":"norris","dpi":"5763973506231","datebirth":"1978-07-01T01:13:08.184Z","address":"fishers"}
{"name":"norris","dpi":"5943929095814","datebirth":"1979-02-12T15:57:14.344Z","address":"lincoln"}
{"name":"norris","dpi":"7939161399640","datebirth":"2002-12-10T17:41:00.093Z","address":"green bay"}
{"name":"oleta","dpi":"2003840870277","datebirth":"2000-09-04T09:43:16.670Z","address":"richland"}
{"name":"omari","dpi":"1724089234633","datebirth":"1999-07-01T22:07:49.106Z","address":"riverton"}
{"name":"omari","dpi":"6026596698788","datebirth":"1998-03-02T08:40:00.785Z","address":"irving"}
{"name":"omari","dpi":"7273534365415","datebirth":"1975-08-17T20:26:29.613Z","address":"moreno valley"}
{"name":"omari","dpi":"7616109777197","datebirth":"1972-12-04T16:00:26.124Z","address":"santa clarita"}
{"name":"omari","dpi":"7873285713510","datebirth":"1977-01-19T00:15:14.460Z","address":"hampton"}
{"name":"omari","dpi":"8920061479787","datebirth":"1983-05-10T06:00:59.843Z","address":"high point"}
{"name":"otis","dpi":"1267319186049","datebirth":"1971-12-08T20:42:58.638Z","address":"downey"}
{"name":"otis","dpi":"2323569339750","datebirth":"1966-04-02T19:51:02.593Z","address":"danville"}
{"name":"otis","dpi":"4379025388440","datebirth":"1985-08-30T13:13:06.304Z","address":"yuba city"}
{"name":"otis","dpi":"5723239791367","datebirth":"1972-09-26T08:13:42.749Z","address":"spring valley"}
{"name":"rocky","dpi":"4628437779973","datebirth":"1977-09-30T05:27:47.923Z","address":"south san francisco"}
{"name":"rocky","dpi":"7815380763171","datebirth":"1966-03-29T03:53:18.772Z","address":"lynwood"}
{"name":"rod","dpi":"4776024627355","datebirth":"1965-06-19T12:59:19.627Z","address":"st. louis park"}
{"name":"rod","dpi":"5148486363646","datebirth":"1995-01-25T19:32:55.188Z","address":"annandale"}
{"name":"rogelio","dpi":"1381593002015","datebirth":"1998-08-12T01:17:48.476Z","address":"raleigh"}
{"name":"rogelio","dpi":"2600633840439","datebirth":"2000-02-24T16:40:48.960Z","address":"buena park"}
{"name":"rogelio","dpi":"4108459022452","datebirth":"1997-04-15T10:07:30.215Z","address":"syracuse"}
{"name":"rogelio","dpi":"8865265258173","datebirth":"1990-01-23T02:51:40.913Z","address":"philadelphia"}
{"name":"roslyn","dpi":"5168290837775","datebirth":"1972-07-07T04:16:09.384Z","address":"springfield"}
{"name":"roslyn","dpi":"9347726873434","datebirth":"1966-10-12T17:08:36.540Z","address":"tamiami"}
{"name":"saige","dpi":"2198587607987","datebirth":"1995-06-14T13:45:27.669Z","address":"whittier"}
{"name":"saige","dpi":"3883066447699","datebirth":"1999-04-13T21:53:33.453Z","address":"belleville"}
{"name":"saige","dpi":"4391499555401","datebirth":"1981-12-31T00:20:55.727Z","address":"blacksburg"}
{"name":"saige","dpi":"5426306138187","datebirth":"1991-02-23T09:47:48.810Z","address":"paterson"}
{"name":"santino","dpi":"2587903449359","datebirth":"1962-05-15T09:07:32.306Z","address":"new haven"}
{"name":"santino","dpi":"4827593011151","datebirth":"1983-06-15T19:06:32.312Z","address":"tracy"}
{"name":"shaylee","dpi":"3028919104615","datebirth":"1976-09-29T22:48:40.563Z","address":"columbia"}
{"name":"shaylee","dpi":"5093409829180","datebirth":"2001-11-23T03:05:31.794Z","address":"bowie"}
{"name":"sheldon","dpi":"2300827484745","datebirth":"1977-12-20T15:10:19.858Z","address":"cedar park"}
{"name":"sheldon","dpi":"2888958159067","datebirth":"1961-12-05T14:36:00.527Z","address":"pittsburg"}
{"name":"sheldon","dpi":"7205007568604","datebirth":"1985-06-15T18:51:02.431Z","address":"lynwood"}
{"name":"sheldon","dpi":"8300942696663","datebirth":"2000-07-27T07:50:51.836Z","address":"cedar park"}
{"name":"tess","dpi":"5287269531254","datebirth":"1990-10-23T22:49:34.401Z","address":"south valley"}
{"name":"tess","dpi":"6105095268662","datebirth":"1991-02-14T04:44:52.665Z","address":"jefferson city"}
{"name":"toni","dpi":"1213387559949","datebirth":"1970-11-29T11:37:30.245Z","address":"buckeye"}
{"name":"toni","dpi":"5548789192475","datebirth":"1961-07-07T04:58:01.643Z","address":"encinitas"}
{"name":"toni","dpi":"6110618370373","datebirth":"2001-05-09T05:56:23.508Z","address":"cary"}
{"name":"tremaine","dpi":"2571765415684","datebirth":"1996-08-30T10:28:49.452Z","address":"missouri city"}
{"name":"tremaine","dpi":"5882628144427","datebirth":"1999-11-18T23:20:33.513Z","address":"frederick"}
{"name":"tremaine","dpi":"8378924322370","datebirth":"1961-01-12T10:29:57.549Z","address":"joliet"}
{"name":"tyrique","dpi":"7464526658959","datebirth":"1966-09-23T04:14:53.094Z","address":"buffalo"}
{"name":"vivianne","dpi":"4825163206605","datebirth":"1994-08-01T10:07:06.627Z","address":"burke"}
{"name":"vivianne","dpi":"4947858820918","datebirth":"1995-07-14T08:39:54.413Z","address":"levittown"}
{"name":"vivianne","dpi":"7166761150766","datebirth":"1971-01-27T09:44:49.833Z","address":"severn"}
{"name":"wilford","dpi":"3390854856893","datebirth":"1993-01-14T04:38:12.619Z","address":"altoona"}
{"name":"wilford","dpi":"6943395569378","datebirth":"1964-08-10T05:47:17.884Z","address":"port arthur"}
{"name":"wilford","dpi":"7524173444540","datebirth":"1987-07-02T13:01:11.058Z","address":"arcadia"}
{"name":"zion","dpi":"2672018758313","datebirth":"1965-04-30T20:04:09.414Z","address":"chattanooga"}
{"name":"zoey","dpi":"1781808509929","datebirth":"2000-12-09T16:55:13.886Z","address":"minnetonka"}
{"name":"zoey","dpi":"7790580354333","datebirth":"1979-03-29T22:10:27.991Z","address":"minnetonka"}
